{
    "0.10606185114476409": 0.104254428622864,
    "0.1382739170634331": 0.13362968877218856,
    "0.15300165656412693": 0.14996904844650524,
    "0.15764029411286068": 0.1554897396068624,
    "0.16710596712983206": 0.1676851391557777,
    "0.16580320704215992": 0.16639270242321633,
    "0.17810388631329613": 0.17985470708022822,
    "0.18591407931417056": 0.18430465710962277,
    "0.17292394229723101": 0.17540077582879446,
    "0.18289802731125682": 0.18083526896626656,
    "0.1779133516830126": 0.18083738767109217,
    "0.19009879798241924": 0.19044661458210527,
    "0.19228929827440683": 0.1950453011430517,
    "0.20202161841622582": 0.2016581538279724,
    "0.19609799440311523": 0.19852568004399435,
    "0.20008748374621987": 0.19778571758380142,
    "0.20345076407492244": 0.20063924794438653,
    "0.2087827765411695": 0.20488682813740636,
    "0.20740688280214664": 0.20535606860031913,
    "0.21506659424494418": 0.21167871432697735,
    "0.21297265499273757": 0.21077243150580932,
    "0.21267177196710496": 0.20680979499134045,
    "0.21440465861910388": 0.21102099854852452,
    "0.21473526322210063": 0.21164368590398117,
    "0.21654339214991478": 0.20885615230514148,
    "0.2115433365661011": 0.21215619113762393,
    "0.21533724454433303": 0.21172520176470289,
    "0.22059004189142545": 0.21596537392086274,
    "0.2208807507666615": 0.21961435600680737,
    "0.2199404655942739": 0.21994225326541897,
    "0.21711204245939705": 0.21297122263474724,
    "0.22258325442883223": 0.22084571447640713,
    "0.2240748522872652": 0.21873794189217602,
    "0.21849817297241972": 0.22110179713632272,
    "0.21864483155616204": 0.2182794057001345,
    "0.21868395817038538": 0.21259072558324207,
    "0.2265731270833111": 0.22205602982075168,
    "0.22500809968527652": 0.21975841297987597,
    "0.2259680982199739": 0.21737491104938997,
    "0.2239828322648122": 0.22145930540799427,
    "0.2240934903149145": 0.21755552973983464,
    "0.22424257493155436": 0.2183792402327632,
    "0.22419226422233093": 0.22058722108796455,
    "0.22305711550368984": 0.21743002555618243,
    "0.22435127304816704": 0.2201555550872399,
    "0.2248720628338816": 0.220504221374858,
    "0.22805691087765706": 0.2244823806285187,
    "0.22687546291350197": 0.22106658480061722,
    "0.22592403866422248": 0.22202214664272232,
    "0.2266113756680756": 0.22232293225484567,
    "0.227694158998216": 0.22175347400233397,
    "0.231624873228551": 0.22243908593495376,
    "0.2287365920260655": 0.22310210756580023,
    "0.23327203518623577": 0.22380539502536503,
    "0.22934012473821336": 0.2239362380636135,
    "0.23200590202744908": 0.22334258207636068,
    "0.22608705581573127": 0.2218048040172557,
    "0.22801950979184277": 0.22491330286132394,
    "0.22834693305135004": 0.2227424845360727,
    "0.23086090853939764": 0.22452922350354673,
    "0.2323453588286372": 0.22522572515952324,
    "0.2301562582430492": 0.22289272806097976,
    "0.2390878551405864": 0.22347145771988844,
    "0.2323736704898801": 0.22433539381825515,
    "0.23447902187933894": 0.22429643552167974,
    "0.22944844524465868": 0.22351924668028214,
    "0.22029289693676968": 0.21974295993327547,
    "0.234699874596617": 0.22922323646029608,
    "0.23648138182303596": 0.2267076298998807,
    "0.23357766379821143": 0.22445032390552955,
    "0.21475570940668814": 0.2163619810992841,
    "0.233008564628203": 0.22603352722862638,
    "0.23482358715779791": 0.22916589647877264,
    "0.2349988160049927": 0.22811330516197045,
    "0.2304612755483003": 0.22191017244278988,
    "0.23369382670139213": 0.22375698077550768,
    "0.2285208378605193": 0.22252900321890395,
    "0.2339413037375376": 0.2266052223293621,
    "0.23318337028867625": 0.22495806322122927,
    "0.23627500108340413": 0.22526538309324573,
    "0.23798657424001468": 0.23092026760972073,
    "0.23298830682263516": 0.2253911624531249,
    "0.23462566398953236": 0.2282403368572391,
    "0.23126382254350422": 0.22504225337434566,
    "0.2334400953071458": 0.2268754658536594,
    "0.23653328584990083": 0.22746219038334553,
    "0.23457983655962916": 0.22541601121735774,
    "0.2375611714465396": 0.22953046141509392,
    "0.2369134570911359": 0.2320794133813335,
    "0.2352060493807947": 0.22871893419891823,
    "0.23291940531431682": 0.23083609385262752,
    "0.23337849094502147": 0.22993268823612084,
    "0.23397846861264054": 0.22708659174193024,
    "0.23634092953182353": 0.2260571610326958,
    "0.23637122561474982": 0.22733753598743103,
    "0.23641274904662732": 0.22808374505626988,
    "0.2354322102243104": 0.22891327990217902,
    "0.23498403409057325": 0.2272546789577659,
    "0.2335252767159484": 0.2267219119262141,
    "0.23704989350916852": 0.22881727920265846
}