{
    "0.0678387878990558": 0.06871722523977708,
    "0.1006842035332899": 0.10041861563125394,
    "0.11667899970112552": 0.11746939751720398,
    "0.1231683632355657": 0.12607031317344256,
    "0.14245181561209497": 0.14034584428690472,
    "0.17174109883189667": 0.17192007708689797,
    "0.17776152551960478": 0.17801388997553236,
    "0.18887946578996942": 0.18679190786762218,
    "0.18633691410088118": 0.18668750166954576,
    "0.20362929591679146": 0.20350953468681457,
    "0.21009740023868612": 0.20985849340788124,
    "0.20562512763883242": 0.20714067366898292,
    "0.21654887483915117": 0.21399908028277748,
    "0.21914497182683104": 0.2156468325395743,
    "0.22298359414181895": 0.22158482274468275,
    "0.22113313703008725": 0.21991301563874846,
    "0.22690876849911995": 0.22046661657359706,
    "0.23143306145127773": 0.2302201367495006,
    "0.23069950489514118": 0.2319227916574703,
    "0.23413003371861954": 0.23155075914643616,
    "0.2360107683335999": 0.2297148008555751,
    "0.24161933319898307": 0.23994239675978007,
    "0.24590071672827177": 0.2434920618451313,
    "0.2374134407011069": 0.23432819661530532,
    "0.24125506629251414": 0.2403564355483145,
    "0.24443942806784286": 0.24346794373095737,
    "0.2405521555057956": 0.23861922480744266,
    "0.24823561331383687": 0.24660300483763037,
    "0.24092641765522804": 0.24017539981242852,
    "0.24840735601547742": 0.24385831405462052,
    "0.24633106956597658": 0.24544709632923944,
    "0.25030407919909764": 0.24699713117907993,
    "0.24920567651698797": 0.24741798925979194,
    "0.254590173393585": 0.2502009492804932,
    "0.2458369746599322": 0.24208649389917544,
    "0.2534265104185199": 0.24696842787567402,
    "0.2544660230569094": 0.24613586905892532,
    "0.25706537748651537": 0.24949089923863732,
    "0.25030084426050275": 0.2479864906187334,
    "0.2509152101263877": 0.2476297719438978,
    "0.25654279603112007": 0.25096621847628675,
    "0.25265135935263044": 0.2517480514293127,
    "0.25267184189728326": 0.25012281497842703,
    "0.251422593439619": 0.24993449849773847,
    "0.2500498669956073": 0.24645488234725832,
    "0.2579815057191299": 0.24927165242105997,
    "0.26030027649834614": 0.2537653449165912,
    "0.25545303062457536": 0.2503247917960833,
    "0.25795582611094825": 0.2535362328486574,
    "0.2568968173034325": 0.2506301215459957,
    "0.25878298322017596": 0.2520406008470577,
    "0.2551603878469683": 0.24747604210850263,
    "0.2648200277639884": 0.25424399467549813,
    "0.2568849137466272": 0.2517932250827033,
    "0.26046015351875806": 0.25436475972344924,
    "0.2555077695966668": 0.2526558247158672,
    "0.258938499598574": 0.25145148297003805,
    "0.26014415681185094": 0.25366010297118985,
    "0.2615665663654644": 0.25348264331763143,
    "0.2574170262182412": 0.24884793128082336,
    "0.2604912190965221": 0.254732573367712,
    "0.25645793626890784": 0.2507310391801327,
    "0.2608260044778079": 0.25584278665660287,
    "0.2647483928600172": 0.2557818439217569,
    "0.2607257938346744": 0.2506489519382473,
    "0.2586739603741007": 0.25161867231906826,
    "0.25823042203893903": 0.24933621705519488,
    "0.26239999370449724": 0.25501798251787405,
    "0.2635055036588607": 0.2575929531979233,
    "0.26080328821161547": 0.25449055868471765,
    "0.2614456878237576": 0.25542694472883365,
    "0.26067976485435856": 0.2529292159959856,
    "0.2630760545831098": 0.25729578839939254,
    "0.25966110190763125": 0.25214547615003946,
    "0.2573630023588623": 0.25109439597081823,
    "0.26241564846496285": 0.25502490277332734,
    "0.26610213574017905": 0.25875770672415455,
    "0.2635878754070851": 0.2561129134145644,
    "0.2632838203727865": 0.25726669795742907,
    "0.26288131376235": 0.25322008785684974,
    "0.2638016192754753": 0.2544812778963504,
    "0.2651734108539218": 0.25516051118430066,
    "0.2589667346614027": 0.25320423678339826,
    "0.26746294051342007": 0.2599571433200534,
    "0.2604265276884714": 0.2533281281663648,
    "0.2639319464468986": 0.2547230733833011,
    "0.2646476461958859": 0.2565304911492272,
    "0.2656162550022451": 0.25569088013545094,
    "0.2695026350427947": 0.2584980723468395,
    "0.26681283387964017": 0.2591799223360014,
    "0.2637679910203662": 0.256353712228566,
    "0.26543354004676895": 0.25814297750069704,
    "0.26391040492885715": 0.2559820427811973,
    "0.26373273178193707": 0.2584004943268869,
    "0.2648195235409047": 0.25872234843030895,
    "0.26638005019772637": 0.25671389593834576,
    "0.26302001268395775": 0.25554257314879414,
    "0.2652188744221542": 0.25722717759924807,
    "0.265561951453258": 0.25761547791191985,
    "0.2668120126707635": 0.2587197447870029
}